,context,question,answer,source_doc,category,groundedness_score,groundedness_eval,relevance_score,relevance_eval,standalone_score,standalone_eval
0,"['As we move toward a sustainable future, green hydrogen is a significant player in the renewable energy landscape. This article discusses how integrating green hydrogen into the grid through strategic partnerships can significantly advance carbon neutrality and energy security. It explores the innovation, infrastructure, and collaborative efforts essential for this transformation, leading toward a cleaner, more resilient energy system.', 'Image Credit: Deemerwha studio/Shutterstock.com', 'Green hydrogen, produced by water electrolysis using renewable energy sources, is at the forefront of the transition to sustainable energy systems. This process ensures that the production of hydrogen, a versatile energy carrier, does not emit carbon dioxide, aligning with global efforts toward carbon neutrality and bolstering energy security.', 'As nations grapple with the urgent need to decarbonize their economies, green hydrogen has garnered significant attention worldwide from government bodies, industries, and environmental organizations.', 'Various international strategies and agreements recognize its potential to serve as a key enabler of the energy transition, reflecting a collective commitment to sustainable, clean energy solutions as a pathway to mitigating climate change and ensuring a resilient energy future ( International Energy Agency, 2020; United Nations Environment Programme, 2021).', 'The advancement of green hydrogen as a sustainable energy source significantly relies on multifaceted partnerships encompassing government, the private sector, and academia. These collaborative efforts are instrumental in overcoming the technological and economic hurdles associated with green hydrogen production and integration.', 'For instance, the Hydrogen Council, a global initiative, exemplifies how over 80 energy, transport, and industrial companies worldwide have united to foster the hydrogen economy through shared investments and technology exchange ( Hydrogen Council, 2020).', 'Government policies and regulatory frameworks also play a vital role in facilitating these partnerships by providing financial incentives and research funding and establishing clear hydrogen production, storage, and distribution standards.', 'The European Union’ s Hydrogen Strategy, launched in 2020, outlines an ambitious roadmap for investments, infrastructure development, and research. It aims to significantly ramp up green hydrogen production by 2030 ( European Commission, 2020).', 'Integrating green hydrogen into the existing energy grid necessitates significant technological innovations and the development of specialized infrastructure.', 'Recent advancements in electrolyzer technology, crucial for green hydrogen production, have improved efficiency and reduced costs. Innovations in renewable energy capture, particularly from solar and wind sources, further bolster the feasibility of green hydrogen as a cost-effective energy solution ( International Renewable Energy Agency, 2022).', 'However, the volatile nature of hydrogen requires the development of specialized storage and transportation infrastructure to handle and distribute it safely. Retrofitting the current energy grids to accommodate hydrogen energy presents a complex challenge, necessitating solutions for compatibility and safety.', 'Strategies include developing hybrid systems that can manage both hydrogen and traditional energy forms, ensuring a smooth transition toward a hydrogen-based energy system ( Energy Transitions Commission, 2021).', ""One notable example of green hydrogen integration is the project in Neom, Saudi Arabia, which, upon completion, will become the world's largest green hydrogen plant. This ambitious project, a partnership between ACWA Power, Air Products, and NEOM, harnesses solar and wind energy to produce up to 650 tons of green hydrogen daily."", 'The project benefits from substantial financial investment, cutting-edge technology, and strong policy support from the Saudi government, aiming to position the kingdom as a leader in green hydrogen production ( Nereim, 2022).', 'In Europe, the HyGreen Provence Project in France exemplifies regional collaboration for green hydrogen production involving ENGIE, the local government, and various technology providers. Scheduled for completion by 2028, the project aims to generate green hydrogen using solar power, highlighting the role of public-private partnerships in advancing the hydrogen economy.', ""This initiative is expected to significantly contribute to France's energy transition efforts, reducing carbon emissions and creating jobs while providing a scalable model for green hydrogen integration across Europe ( ENGIE, 2021)."", ""Integrating green hydrogen into the energy grid faces several significant challenges, spanning technical, economic, and regulatory spheres. Technically, the lower energy efficiency of hydrogen production through electrolysis, compared to the direct use of electricity, poses a challenge, as does the need for safe storage and transportation solutions due to hydrogen's highly flammable nature ( Calabrese et al., 2024)."", 'Economically, the high initial costs of electrolyzer installations and the hydrogen storage and distribution infrastructure necessitate substantial and sustained investment. Policy and regulatory hurdles can impede its adoption, including the lack of global hydrogen production and use standards. To address these challenges, ongoing research is dedicated to improving electrolyzer efficiency and developing robust safety protocols.', ""Pilot projects are testing hydrogen's viability in various energy systems. At the same time, international cooperation, as seen in the European Union’ s Hydrogen Strategy, seeks to harmonize regulations and encourage investment in green hydrogen technologies ( European Commission, 2020)."", ""Companies and academic institutions worldwide are pioneering green hydrogen technology, driving forward the energy sector's transition to sustainability."", 'Siemens Energy and ITM Power exemplify corporate leadership in this field. They collaborate to enhance electrolyzer technology for more efficient hydrogen production. Their efforts aim to scale up production capacities, reduce costs, and make green hydrogen viable for a broader range of applications ( Siemens Energy, 2020).', ""Within academia, the Massachusetts Institute of Technology ( MIT) is at the forefront of green hydrogen research, developing novel methods to improve electrolysis efficiency and exploring innovative materials for hydrogen storage ( O'Neill, 2021)."", 'Then, there are startups like H2Pro that are pushing the boundaries with unique electrolysis technology, which promises higher efficiency and lower costs. This showcases the vital role of emerging companies in this sector ( H2Pro, 2021).', 'Universities and industries often collaborate, bridging the gap between research and practical application. These partnerships facilitate technology transfer and provide workforce training, ensuring the next generation is equipped with the skills needed for a green hydrogen economy. Such collaborative efforts are crucial for accelerating the adoption of green hydrogen technologies and integrating them into our energy systems.', 'The transformative potential of green hydrogen and renewable energy partnerships is a positive indicator for the global energy grid.', ""Collaborative efforts across sectors are paramount in surmounting green hydrogen's challenges, emphasizing the need for increased investment, research, and supportive policies."", 'As we advance, the collective endeavor to integrate green hydrogen into our energy systems is not just a pathway to sustainability but a cornerstone for securing a resilient and sustainable energy future for generations to come.', 'Calabrese M, Portarapillo M, Di Nardo A, Venezia V, Turco M, Luciani G, Di Benedetto A. Hydrogen Safety Challenges: A Comprehensive Review on Production, Storage, Transport, Utilization, and CFD-Based Consequence and Risk Assessment. Energies. 2024; 17 ( 6):1350. https: //doi.org/10.3390/en17061350', 'Energy Transitions Commission. ( 2021). Making Clean Electrification Possible: 30 Years to Electrify the Global Economy. [ Online ] Available at: https: //www.energy-transitions.org/wp-content/uploads/2021/04/ETC-Global-Power-Report-.pdf ( Accessed on 24 March 2024).', 'ENGIE. ( 2021). ENGIE x HyGreen Provence: Building a Green Hydrogen Ecosystem. [ Online ] ENGIE. Available at: https: //www.engie.com/en/business-case/engie-x-hygreen ( Accessed 24 March 2024).', 'European Commission. ( 2020). A hydrogen strategy for a climate-neutral Europe. https: //ec.europa.eu/energy/sites/ener/files/hydrogen strategy.pdf ( Accessed on 24 March 2024).', 'H2Pro. ( 2021). Our technology. [ Online ] H2Pro. Available at: https: //www.h2pro.co/technology ( Accessed 24 March 2024).', 'Hydrogen Council. ( 2020). Path to Hydrogen Competitiveness: A Cost Perspective. [ Online ] Available at: https: //hydrogencouncil.com/wp-content/uploads/2020/01/Path-to-Hydrogen-Competitiveness Full-Study-1.pdf ( Accessed on 24 March 2024).', 'International Energy Agency ( IEA). ( 2020). Energy Technology Perspectives 2020. [ Online ] Available at: https: //www.iea.org/reports/energy-technology-perspectives-2020 ( Accessed on 24 March 2024).', 'International Renewable Energy Agency. ( 2022). Geopolitics of the Energy Transformation. [ Online ] Available at: https: //www.irena.org/Digital-Report/Geopolitics-of-the-Energy-Transformation ( Accessed on 24 March 2024).', 'Nereim, V. ( 2022). Saudi Arabia to Start Building Green Hydrogen Plant in Neom. [ Online ] Bloomberg. Available at: https: //www.bloomberg.com/news/articles/2022-03-17/saudi-arabia-to-start-building-green-hydrogen-plant-in-neom ( Accessed on 24 March 2024).', ""O'Neill, K. M. ( 2021). MITEI researchers build supply chain model to support hydrogen economy. [ Online ] MIT News. Available at: https: //news.mit.edu/2021/mitei-researchers-build-supply-chain-model-support-hydrogen-economy-0608 ( Accessed on 24 March 2024)."", 'Siemens Energy. ( 2020). Hydrogen solutions. [ Online ] Siemens Energy. Available at: https: //www.siemens-energy.com/global/en/home/products-services/product-offerings/hydrogen-solutions.html ( Accessed 24 March 2024).', 'United Nations Environment Programme ( UNEP). ( 2021). UNEP Annual Report 2021. [ Online ] Available at: https: //www.unep.org/annualreport/2021/ ( Accessed on 24 March 2024).', 'Disclaimer: The views expressed here are those of the author expressed in their private capacity and do not necessarily represent the views of AZoM.com Limited T/A AZoNetwork the owner and operator of this website. This disclaimer forms part of the Terms and conditions of use of this website.', 'Rachael Jones, a freelance writer with an MSc in Earth Science and a PGDip in Environmental Management, merges her extensive academic background with years of publishing and editing experience. Focused on digital marketing within the science and technology sectors, Rachael excels in creating compelling narratives that connect intricate scientific ideas with a wider online audience.', 'Jones, Rachael. ( 2024, May 01). Renewable Energy Partnerships: Integrating Green Hydrogen into the Grid. AZoCleantech. Retrieved on May 07, 2024 from https: //www.azocleantech.com/article.aspx? ArticleID=1823.', ""Jones, Rachael. `` Renewable Energy Partnerships: Integrating Green Hydrogen into the Grid ''. AZoCleantech. 07 May 2024. < https: //www.azocleantech.com/article.aspx? ArticleID=1823 >."", ""Jones, Rachael. `` Renewable Energy Partnerships: Integrating Green Hydrogen into the Grid ''. AZoCleantech. https: //www.azocleantech.com/article.aspx? ArticleID=1823. ( accessed May 07, 2024)."", 'Jones, Rachael. 2024. Renewable Energy Partnerships: Integrating Green Hydrogen into the Grid. AZoCleantech, viewed 07 May 2024, https: //www.azocleantech.com/article.aspx? ArticleID=1823.', 'This product profile summarizes the MAX-iR FTIR Gas Analyzer from Thermo Fisher Scientific.', 'The FT4 Powder Rheometer is a universal powder flow tester for measuring powder flow properties and powder behavior.', 'The GeoPyc 1365 measured the envelope density of formed pieces without the use of hazardous materials.', ""Laurence Molke, CEO of CycleØ, discusses the company's role in sustainable biomethane production and advancing decarbonization efforts."", ""In this interview, Ieda Gomes Yell discusses the Isle of Man's Innovation Challenge and how it is fostering cleantech, AI, and FinTech solutions for sustainability and net-zero goals."", ""This interview explores the intersection of policy, innovation, and commercialization within the UK's cleantech sector, with a focus on the initiatives and strategies being pursued by Cleantech for UK under Sarah Mackintosh's leadership."", ""Hi, I 'm Azthena, you can trust me to find commercial scientific answers from AZoNetwork.com."", 'A few things you need to know before we start. Please read and accept to continue.', 'Azthena may occasionally provide inaccurate responses. Read the full terms.', 'While we only use edited and approved content for Azthena answers, it may on occasions provide incorrect responses. Please confirm any data provided with the related suppliers or authors. We do not provide medical advice, if you search for medical information you must always consult a medical professional before acting on any information provided.', 'Your questions, but not your email details will be shared with OpenAI and retained for 30 days in accordance with their privacy principles.', 'Please do not ask questions that use sensitive or confidential information.']","** What is green hydrogen, and how is it produced?  
**","** Green hydrogen is a sustainable energy carrier produced through water electrolysis powered by renewable energy sources like solar or wind. Unlike conventional hydrogen production, it emits no carbon dioxide, making it a key player in achieving carbon neutrality and energy security.  

**Q:** Why is green hydrogen considered important for the energy transition?  
**A:** Green hydrogen is pivotal because it offers a clean alternative to fossil fuels, helping nations decarbonize industries, transport, and energy systems. Its versatility and zero-emission production align with global climate goals, as recognized by international agreements and agencies like the IEA and UNEP.  

**Q:** What role do partnerships play in advancing green hydrogen technology?  
**A:** Collaborative efforts between governments, private companies (e.g., Siemens Energy, H2Pro), and academia (e.g., MIT) are crucial for overcoming technological, financial, and regulatory hurdles. Initiatives like the Hydrogen Council and the EU’s Hydrogen Strategy foster investment, research, and infrastructure development.  

**Q:** What are the major technical challenges in integrating green hydrogen into existing energy grids?  
**A:** Key challenges include hydrogen’s lower energy efficiency in electrolysis compared to direct electricity use, its flammability requiring specialized storage/transport infrastructure, and the need for grid compatibility solutions (e.g., hybrid systems blending hydrogen with traditional energy).  

**Q:** Can you provide an example of a large-scale green hydrogen project?  
**A:** The NEOM Green Hydrogen Project in Saudi Arabia, a collaboration between ACWA Power and Air Products, will be the world’s largest green hydrogen plant. It aims to produce 650 tons daily using solar and wind energy, supported by Saudi government policies and investments.  

Let me know if you'd like any refinements or additional pairs!",https://www.azocleantech.com/article.aspx?ArticleID=1823,Sustainability & Technological Innovation Questions,5.0,"The provided context thoroughly explains what green hydrogen is and how it is produced through water electrolysis using renewable energy sources. The text provides various examples and initiatives showcasing the integration of green hydrogen into the grid, highlighting its potential to advance carbon neutrality and energy security. The information is clear, concise, and adequately supports the question. The answer to the question can be derived unambiguously from the given context.",3,"This question touches on a specific topic in the context of sustainability and renewable energy, which can be relevant to NLP developers working on applications that aim to provide information on environmentally friendly technologies. However, the question is quite general and does not specifically ask for technical details or implementation guidance in the context of machine learning or the Hugging Face ecosystem, which might be the primary focus of users who come to this platform. It could potentially be of interest to those looking for information on sustainable development or clean energy but may not provide direct relevance to NLP tasks or Hugging Face frameworks.",4.0,"This question appears to be self-contained and refers to a general concept, but it would benefit from additional context to specifically industry or specific use cases, but the core elements of what green hydrogen is can be identified."
4,"['Recent research by Julienne Stroeve and colleagues, published in Communications Earth & Environment, projects that global warming would extend the Hudson Bay’ s ice-free period, shortening the resident polar bears’ hunting season.', 'Image Credit: outdoorsman/Shutterstock.com', 'The authors indicate that if temperatures rise by more than 2.1 degrees Celsius, the ice-free period in most of Hudson Bay may exceed the maximum fasting time that adult polar bears can tolerate.', 'Hudson Bay, located in the Arctic Ocean off the coast of northern Canada, is covered in sea ice during the season and is home to roughly 1,700 polar bears. Polar bears spend the winter on the sea ice, hunting seals, their preferred prey. When the ice melts in the spring, they come ashore and fast during the ice-free summer before returning to the sea ice in the melts.', 'Over the last three decades, the Hudson Bay area has warmed by more than one degree Celsius, extending the ice-free period from around 120 to 150 days. Polar bears in the bay rely on sea ice to hunt. Therefore, an extending ice-free period could affect both their survival rate during the fasting period and their reproductive success during the following hunting season.', ""In the western and southern Hudson Bay regions, where losses in polar bear populations have already been noted, Julienne Stroeve and colleagues estimated projected changes to the ice-free time by analyzing predictions from the IPCC's Coupled Model Intercomparison Project 6 ( CMIP6) models. It is believed that polar bears could comfortably endure 183–218 days of ice-free time."", 'The authors calculated that if global warming surpasses 2.1 degrees Celsius and 2.6 degrees Celsius, respectively, the ice-free period might last longer than the 183-day limit in the western and southern Hudson Bay regions.', ""Furthermore, they predict that seasonal ice melt will probably happen sooner in the spring. Since cubs are usually born between November and January, this might decrease the bears ' nursing time, which could lower their reproductive success."", 'The scientists emphasize that if global warming is kept to 2 degrees Celsius over pre-industrial levels, the Hudson Bay polar bear population has a strong chance of survival.', 'Stroeve, J., et al. ( 2024) Ice-free period too long for Southern and Western Hudson Bay polar bear populations if global warming exceeds 1.6 to 2.6 °C. Communications Earth & Environment. doi:10.1038/s43247-024-01430-7', 'The Hedgehog™ Mid-IR Laser delivers advanced performance with a broad tuning range; this laser can tune hundreds of cm1 at 1000 cm1/s.', 'This product features enhanced micro-cellular polyurethane foam solutions designed for optimal battery pack efficiency, with PF45 and PF47 available in thicknesses up to 10 mm, tailored for various EV projects.', 'This product profile summarizes the MAX-iR FTIR Gas Analyzer from Thermo Fisher Scientific.', ""Laurence Molke, CEO of CycleØ, discusses the company's role in sustainable biomethane production and advancing decarbonization efforts."", ""In this interview, Ieda Gomes Yell discusses the Isle of Man's Innovation Challenge and how it is fostering cleantech, AI, and FinTech solutions for sustainability and net-zero goals."", ""This interview explores the intersection of policy, innovation, and commercialization within the UK's cleantech sector, with a focus on the initiatives and strategies being pursued by Cleantech for UK under Sarah Mackintosh's leadership."", ""Hi, I 'm Azthena, you can trust me to find commercial scientific answers from AZoNetwork.com."", 'A few things you need to know before we start. Please read and accept to continue.', 'Azthena may occasionally provide inaccurate responses. Read the full terms.', 'While we only use edited and approved content for Azthena answers, it may on occasions provide incorrect responses. Please confirm any data provided with the related suppliers or authors. We do not provide medical advice, if you search for medical information you must always consult a medical professional before acting on any information provided.', 'Your questions, but not your email details will be shared with OpenAI and retained for 30 days in accordance with their privacy principles.', 'Please do not ask questions that use sensitive or confidential information.']",Why are polar bears in Hudson Bay particularly vulnerable to longer ice-free periods?,"Polar bears rely on sea ice to hunt seals, their primary food source. Longer ice-free periods force them to fast longer, reducing their survival chances and reproductive success.",https://www.azocleantech.com/news.aspx?newsID=34952,Factual Questions,5.0,The question is clearly answerable as it is directly tied to the specific location and the impact of global warming on polar bears through the recent research article mentioned in the context.,4,"This question is useful for machine learning developers building NLP applications because it requires understanding the relationship between environmental factors (ice-free periods) and polar bears, which can inform the development of more accurate and informative NLP models for applications such as wildlife conservation or climate change analysis. Additionally, the question touches on the specific context of Hudson Bay, which may require knowledge of geographic information and mapping data, making it relevant to the Hugging Face ecosystem. However, the question itself does not require any direct NLP expertise, and the answer may not be entirely technical or code-based.",5.0,"The question implies a specific context or setting, which is Hudson Bay, and refers to a particular environmental condition, ""longer ice-free periods"". This information is not explicitly provided in the question, and it is assumed that the reader already knows the context and the relevance of the ice conditions to polar bears."
8,"['A new collaboration between the US Department of Energy’ s ( DOE) Argonne National Laboratory and Toyota Motor North America is exploring a method for recycling battery components directly, reducing waste and reliance on foreign materials.', 'To ensure a successful transition to clean energy in the US, the production of electric vehicle ( EV) batteries must be significantly expanded. However, the US depends heavily on other countries for the materials required for these batteries, making it vulnerable to supply chain disruptions.', ""Argonne, Toyota Research Institute of North America, and Toyota's Battery Lifecycle Solutions group are investigating novel approaches to recycling battery components. If successful, this endeavor could strengthen and improve the circularity of domestic battery supply chains, allowing the United States to deploy EVs quickly."", 'Most battery recycling involves chemically disassembling end-of-life battery components to produce the raw materials needed for manufacture. In contrast to this conventional method, a process known as direct recycling carefully separates the constituent parts of spent batteries. Manufacturers can reuse the components if they preserve their original structure effectively.', ""Batteries ' positive electrodes, or cathodes, have intricate chemical compositions. Their manufacturing procedures are, therefore, expensive and wasteful."", 'Direct recycling can effectively minimize waste and manufacturing expenses by preserving the cathodes from batteries nearing their end of life. It may also reduce the requirement for pure raw materials.', 'Direct recycling is cutting-edge in the battery industry, there are a few startup companies with small-scale pilot projects underway. But implementation at commercial scale is still in need of innovations.', 'Argonne and Toyota Motor North America have signed a cooperative research and development agreement to create a direct recycling method for the cathodes in lithium-ion batteries, which are common in electric vehicles. The group focuses on cobalt, manganese, and nickel cathodes.', ""The partnership uses a successful, patent-pending direct recycling method created by the ReCell Center in Argonne. Batteries ' cathodes and anodes, or negative electrodes, are separated using a magnet."", 'Toyota is supplying Argonne with both end-of-life and new plug-in hybrid EV batteries.', 'Besides recycling end-of-life batteries, we are also interested in recycling new batteries, manufacturers produce some battery cells that fail quality testing. We can potentially demonstrate that manufacturers can take cathodes out of failed cells and put them back into their production process. This capability could translate into huge cost savings.', ""At Argonne’ s Materials Engineering Research Facility ( MERF), researchers will use ReCell’ s direct recycling process on Toyota’ s battery cells to extract and regenerate the cathode material. Using coin cells, the team will evaluate different facets of the cathodes ' performance, such as capacity, lifespan, and impedance ( a form of resistance to electric current)."", ""Researchers at MERF plan to increase the recycling process if the cells function well. Then, using the extracted cathodes, Argonne's Cell Analysis, Modeling, and Prototyping Facility will construct larger pouch cells and evaluate the functionality of the cells. At the same time, Toyota will construct and test cells at its research facilities."", 'The team will assess the performance of the recycled cathodes against that of new, pristine cathodes. They will also utilize Argonne’ s EverBatt model to analyze the costs and environmental impacts of implementing the direct recycling process for Toyota’ s batteries.', 'Albert Lipson concludes, “ Our goal is to prove that the process can make high-performing cathodes cost-effectively while reducing energy use and emissions, if we are successful, EV and battery manufacturers can potentially commercialize the process. ”', 'The research project is a component of the ReCell Center, which receives support from the DOE’ s Vehicle Technologies Office.', 'This product profile summarizes the MAX-iR FTIR Gas Analyzer from Thermo Fisher Scientific.', 'The FT4 Powder Rheometer is a universal powder flow tester for measuring powder flow properties and powder behavior.', 'The GeoPyc 1365 measured the envelope density of formed pieces without the use of hazardous materials.', ""Laurence Molke, CEO of CycleØ, discusses the company's role in sustainable biomethane production and advancing decarbonization efforts."", ""In this interview, Ieda Gomes Yell discusses the Isle of Man's Innovation Challenge and how it is fostering cleantech, AI, and FinTech solutions for sustainability and net-zero goals."", ""This interview explores the intersection of policy, innovation, and commercialization within the UK's cleantech sector, with a focus on the initiatives and strategies being pursued by Cleantech for UK under Sarah Mackintosh's leadership."", ""Hi, I 'm Azthena, you can trust me to find commercial scientific answers from AZoNetwork.com."", 'A few things you need to know before we start. Please read and accept to continue.', 'Azthena may occasionally provide inaccurate responses. Read the full terms.', 'While we only use edited and approved content for Azthena answers, it may on occasions provide incorrect responses. Please confirm any data provided with the related suppliers or authors. We do not provide medical advice, if you search for medical information you must always consult a medical professional before acting on any information provided.', 'Your questions, but not your email details will be shared with OpenAI and retained for 30 days in accordance with their privacy principles.', 'Please do not ask questions that use sensitive or confidential information.']",How does direct recycling differ from conventional battery recycling methods?,"Conventional recycling chemically breaks down battery components into raw materials, while direct recycling preserves and separates the original structure of cathode materials, allowing them to be reused directly in new batteries.",https://www.azocleantech.com/news.aspx?NewsID=34837,Sustainability & Technological Innovation Questions,5.0,"The passage provides sufficient information to answer the question unambiguously, as it describes how direct recycling differs from conventional battery recycling methods, which involve chemically disassembling batteries to produce raw materials. The passage explains the benefits of direct recycling, including reducing waste and manufacturing expenses, and provides examples of how the method is being developed and tested by Argonne National Laboratory and Toyota Motor North America.",4,"The question is straightforward and addresses a specific comparison between two methods, which is a common topic in the field of battery recycling. While the question is not overly technical, it assumes some basic knowledge of battery recycling concepts, making it moderately accessible to machine learning developers with a background in NLP applications. It is possible that some developers might not be familiar with the specifics of direct recycling, but the question is likely to spark a useful search or consultation of relevant resources.",5.0,"The question seems clear and asks for a direct comparison between two methods without referencing any specific context or acronyms that require external knowledge to understand. The question is asking for a general explanation of the difference between direct recycling and conventional battery recycling methods, which can be understood without knowing any specific details about the types of batteries being recycled."
17,"[""The National Renewable Energy Laboratory ( NREL) of the US Department of Energy conducted an analysis of a behavioral study and found that owners of electric cars ( EVs) are more likely to take it a step further and install solar panels in their homes. On the other hand, albeit not as much, having solar panels has an impact on a homeowner's decision to purchase an electric car."", 'Researchers at NREL determined that people who own electric vehicles tend to also adopt solar technology in their homes. Image Credit: iStock', ""A survey of 869 San Francisco Bay Area households served as the study's primary source of data."", ""Owners of electric vehicles ( EVs) may be more likely to invest in photovoltaics ( PVs) because the installation of solar panels may offset the residential portion of the energy bill required to charge them at home, according to NREL's Shivam Sharda, lead author of the research paper that analyzes the survey results."", 'Both EVs and PVs have a complementary nature, which might play a pivotal role in energy systems resiliency, addressing concerns regarding grid stability and power management strategies.', ""The study was published in the journal Renewable and Sustainable Energy Reviews. An interdisciplinary team of researchers from Lawrence Berkeley National Laboratory, the University of California Santa Barbara, and NREL's Venu M. Garikapati, Janet L. Reyna, and Bingrong Sun co-authored the work."", 'As a component of the WholeTraveler Transportation Behavior Study, the survey was carried out in 2018. The study was done in a year where a lot might have happened, the researchers acknowledged. With the release of the 2022 Residential Energy Consumption study, they went over the subject again and noted that the association between EV and PV might still hold true.', 'Rooftop solar panels were owned or previously owned by more respondents in the 2018 study ( 9.1% vs. 6.5%) than electric vehicles. The researchers observed that solar panel technology is less expensive than most EVs and that PV technology has been available for a longer period of time than EVs.', 'A relationship between the two technologies was discovered. Just 8% of non-EV owners had photovoltaic systems, compared to 25% of EV owners who did. The behavioral survey identified two factors: being aware of them and being approachable enough to inquire about them, which may have led an individual to embrace one or both of the technologies.', 'If you have a friend or a family member who owns a rooftop solar panel or an EV, you become more educated about the technology, so you know the pros and cons by talking to them. That has a significant influence on your owning EVs or PVs.', 'Although governments provide incentives for the adoption of PVs and EVs, the researchers recommended taking into account policies that work together to speed up the adoption of both technologies. Such incentives may encourage EV owners to adopt solar technology far earlier than is now the case because they are motivated to use PV anyway.', ""A household's speed of adoption of cross-sectoral sustainable technology will determine how quickly decarbonization targets are met."", 'The study, according to the researchers, shed light on the relationship between EVs and PV, but further comprehensive studies are required to analyze the relationship between residential energy consumption and transportation as it is changing and to find strategies to decarbonize energy use in all sectors.', 'The research was funded by the Vehicle Technologies Office of the Department of Energy.', 'Sharda, S., et.al., ( 2024). The electric vehicles-solar photovoltaics Nexus: Driving cross-sectoral adoption of sustainable technologies. Renewable and Sustainable Energy Reviews. doi.org/10.1016/j.rser.2023.114172.', 'This product profile describes the features and applications of the ElectroGreen™–Xylene substitute for electronics.', 'The Stäubli Megawatt Charging System ( MCS) offers rapid and effortless charging, allowing drivers to manually charge their electric heavy-duty vehicles without relying on robots or supporting machines.', ""Anguil's robust Vapor Combustion Unit ( VCU) can handle a wide range of emission flow rates. It is as easy to use as an enclosed flare and as effective as a thermal oxidizer."", ""AZoCleantech speaks to Paul Warley, CEO of Ascent Solar, about the company's leading thin-film photovoltaic ( PV) technology and its use in space applications."", 'In this interview, AZoCleantech speaks with Manar Almazrouei about his project that focuses on advancing lithium-ion battery ( LIB) cathode material synthesis through innovative aerosol-based techniques, streamlining production and promoting environmental sustainability.', 'In this interview, AZoCleantech talks to Anguil about biogas and how it could sustain clean energy.']",What did the NREL study find about the relationship between electric vehicle (EV) owners and solar panel adoption?,"The study found that EV owners are more likely to install solar panels in their homes, with 25% of EV owners having photovoltaic (PV) systems compared to only 8% of non-EV owners. This suggests a complementary relationship between the two technologies.

---",https://www.azocleantech.com/news.aspx?newsID=34475,Sustainability & Technological Innovation Questions,5.0,"The question is clearly and unambiguously answerable with the given context, as the text provides specific findings and statistics from the NREL study on the relationship between electric vehicle (EV) owners and solar panel adoption, including the fact that EV owners are more likely to invest in solar panels, and that both technologies have a complementary nature to address grid stability and power management strategies.",3,"The question is relatively specific and asks about a specific study, which is a good starting point for finding relevant information. However, it does not provide any context about the study itself, such as its methodology or findings, which would be necessary to fully understand the results. Additionally, the question assumes that the NREL study is a well-known and easily accessible source of information, which may not be the case. Overall, the question is somewhat specific but lacks context and assumes prior knowledge.",4.0,"The question appears to be self-explanatory and does not require any external context to be understood, but it assumes that the reader is familiar with the acronym NREL, which could be a subtle point of interpretation. However, for someone with knowledge of the NREL, the context of the question should be clear. The mention of electric vehicles and solar panels might also require basic knowledge about the topic, but the question's structure suggests that the author assumes a certain level of prior knowledge."
18,"[""The National Renewable Energy Laboratory ( NREL) of the US Department of Energy conducted an analysis of a behavioral study and found that owners of electric cars ( EVs) are more likely to take it a step further and install solar panels in their homes. On the other hand, albeit not as much, having solar panels has an impact on a homeowner's decision to purchase an electric car."", 'Researchers at NREL determined that people who own electric vehicles tend to also adopt solar technology in their homes. Image Credit: iStock', ""A survey of 869 San Francisco Bay Area households served as the study's primary source of data."", ""Owners of electric vehicles ( EVs) may be more likely to invest in photovoltaics ( PVs) because the installation of solar panels may offset the residential portion of the energy bill required to charge them at home, according to NREL's Shivam Sharda, lead author of the research paper that analyzes the survey results."", 'Both EVs and PVs have a complementary nature, which might play a pivotal role in energy systems resiliency, addressing concerns regarding grid stability and power management strategies.', ""The study was published in the journal Renewable and Sustainable Energy Reviews. An interdisciplinary team of researchers from Lawrence Berkeley National Laboratory, the University of California Santa Barbara, and NREL's Venu M. Garikapati, Janet L. Reyna, and Bingrong Sun co-authored the work."", 'As a component of the WholeTraveler Transportation Behavior Study, the survey was carried out in 2018. The study was done in a year where a lot might have happened, the researchers acknowledged. With the release of the 2022 Residential Energy Consumption study, they went over the subject again and noted that the association between EV and PV might still hold true.', 'Rooftop solar panels were owned or previously owned by more respondents in the 2018 study ( 9.1% vs. 6.5%) than electric vehicles. The researchers observed that solar panel technology is less expensive than most EVs and that PV technology has been available for a longer period of time than EVs.', 'A relationship between the two technologies was discovered. Just 8% of non-EV owners had photovoltaic systems, compared to 25% of EV owners who did. The behavioral survey identified two factors: being aware of them and being approachable enough to inquire about them, which may have led an individual to embrace one or both of the technologies.', 'If you have a friend or a family member who owns a rooftop solar panel or an EV, you become more educated about the technology, so you know the pros and cons by talking to them. That has a significant influence on your owning EVs or PVs.', 'Although governments provide incentives for the adoption of PVs and EVs, the researchers recommended taking into account policies that work together to speed up the adoption of both technologies. Such incentives may encourage EV owners to adopt solar technology far earlier than is now the case because they are motivated to use PV anyway.', ""A household's speed of adoption of cross-sectoral sustainable technology will determine how quickly decarbonization targets are met."", 'The study, according to the researchers, shed light on the relationship between EVs and PV, but further comprehensive studies are required to analyze the relationship between residential energy consumption and transportation as it is changing and to find strategies to decarbonize energy use in all sectors.', 'The research was funded by the Vehicle Technologies Office of the Department of Energy.', 'Sharda, S., et.al., ( 2024). The electric vehicles-solar photovoltaics Nexus: Driving cross-sectoral adoption of sustainable technologies. Renewable and Sustainable Energy Reviews. doi.org/10.1016/j.rser.2023.114172.', 'This product profile describes the features and applications of the ElectroGreen™–Xylene substitute for electronics.', 'The Stäubli Megawatt Charging System ( MCS) offers rapid and effortless charging, allowing drivers to manually charge their electric heavy-duty vehicles without relying on robots or supporting machines.', ""Anguil's robust Vapor Combustion Unit ( VCU) can handle a wide range of emission flow rates. It is as easy to use as an enclosed flare and as effective as a thermal oxidizer."", ""AZoCleantech speaks to Paul Warley, CEO of Ascent Solar, about the company's leading thin-film photovoltaic ( PV) technology and its use in space applications."", 'In this interview, AZoCleantech speaks with Manar Almazrouei about his project that focuses on advancing lithium-ion battery ( LIB) cathode material synthesis through innovative aerosol-based techniques, streamlining production and promoting environmental sustainability.', 'In this interview, AZoCleantech talks to Anguil about biogas and how it could sustain clean energy.']",Why might EV owners be more inclined to adopt solar technology?,"According to Shivam Sharda, the lead author of the study, installing solar panels can offset the residential energy costs associated with charging EVs at home, making PV adoption financially appealing for EV owners.

---",https://www.azocleantech.com/news.aspx?newsID=34475,Sustainability & Technological Innovation Questions,5.0,"The context provides several reasons why EV owners might be more inclined to adopt solar technology, including the potential to offset the residential portion of the energy bill required to charge their vehicles at home, the complementary nature of EVs and solar panels in terms of energy systems resiliency, and the fact that EV owners are more likely to be aware of and approachable about solar technology. These factors suggest that EV owners may be more motivated to adopt solar technology due to practical and informational advantages. Furthermore, the context also mentions that governments provide incentives for the adoption of PVs and EVs, which may encourage EV owners to adopt solar technology earlier.",3,"This question touches on a relevant and timely topic in the context of NLP and machine learning, specifically in the area of actionability and persuasion. Understanding why EV owners are more inclined to adopt solar technology can provide insights for companies and policymakers to design more effective marketing campaigns, tailoring their messages to the values and concerns of the target audience. While the question itself may not directly involve natural language processing or machine learning algorithms, it is a great starting point for exploring the intersection of technology adoption, consumer behavior, and environmental sustainability, making it somewhat relevant to the Hugging Face ecosystem. However, the answer may not directly involve NLP, but rather requires a more in-depth analysis of consumer psychology and behavior.",4.0,"The question is clear and informational, but it lacks specific context and relies on the reader having prior knowledge of EV and solar technology."
20,"[""The National Renewable Energy Laboratory ( NREL) of the US Department of Energy conducted an analysis of a behavioral study and found that owners of electric cars ( EVs) are more likely to take it a step further and install solar panels in their homes. On the other hand, albeit not as much, having solar panels has an impact on a homeowner's decision to purchase an electric car."", 'Researchers at NREL determined that people who own electric vehicles tend to also adopt solar technology in their homes. Image Credit: iStock', ""A survey of 869 San Francisco Bay Area households served as the study's primary source of data."", ""Owners of electric vehicles ( EVs) may be more likely to invest in photovoltaics ( PVs) because the installation of solar panels may offset the residential portion of the energy bill required to charge them at home, according to NREL's Shivam Sharda, lead author of the research paper that analyzes the survey results."", 'Both EVs and PVs have a complementary nature, which might play a pivotal role in energy systems resiliency, addressing concerns regarding grid stability and power management strategies.', ""The study was published in the journal Renewable and Sustainable Energy Reviews. An interdisciplinary team of researchers from Lawrence Berkeley National Laboratory, the University of California Santa Barbara, and NREL's Venu M. Garikapati, Janet L. Reyna, and Bingrong Sun co-authored the work."", 'As a component of the WholeTraveler Transportation Behavior Study, the survey was carried out in 2018. The study was done in a year where a lot might have happened, the researchers acknowledged. With the release of the 2022 Residential Energy Consumption study, they went over the subject again and noted that the association between EV and PV might still hold true.', 'Rooftop solar panels were owned or previously owned by more respondents in the 2018 study ( 9.1% vs. 6.5%) than electric vehicles. The researchers observed that solar panel technology is less expensive than most EVs and that PV technology has been available for a longer period of time than EVs.', 'A relationship between the two technologies was discovered. Just 8% of non-EV owners had photovoltaic systems, compared to 25% of EV owners who did. The behavioral survey identified two factors: being aware of them and being approachable enough to inquire about them, which may have led an individual to embrace one or both of the technologies.', 'If you have a friend or a family member who owns a rooftop solar panel or an EV, you become more educated about the technology, so you know the pros and cons by talking to them. That has a significant influence on your owning EVs or PVs.', 'Although governments provide incentives for the adoption of PVs and EVs, the researchers recommended taking into account policies that work together to speed up the adoption of both technologies. Such incentives may encourage EV owners to adopt solar technology far earlier than is now the case because they are motivated to use PV anyway.', ""A household's speed of adoption of cross-sectoral sustainable technology will determine how quickly decarbonization targets are met."", 'The study, according to the researchers, shed light on the relationship between EVs and PV, but further comprehensive studies are required to analyze the relationship between residential energy consumption and transportation as it is changing and to find strategies to decarbonize energy use in all sectors.', 'The research was funded by the Vehicle Technologies Office of the Department of Energy.', 'Sharda, S., et.al., ( 2024). The electric vehicles-solar photovoltaics Nexus: Driving cross-sectoral adoption of sustainable technologies. Renewable and Sustainable Energy Reviews. doi.org/10.1016/j.rser.2023.114172.', 'This product profile describes the features and applications of the ElectroGreen™–Xylene substitute for electronics.', 'The Stäubli Megawatt Charging System ( MCS) offers rapid and effortless charging, allowing drivers to manually charge their electric heavy-duty vehicles without relying on robots or supporting machines.', ""Anguil's robust Vapor Combustion Unit ( VCU) can handle a wide range of emission flow rates. It is as easy to use as an enclosed flare and as effective as a thermal oxidizer."", ""AZoCleantech speaks to Paul Warley, CEO of Ascent Solar, about the company's leading thin-film photovoltaic ( PV) technology and its use in space applications."", 'In this interview, AZoCleantech speaks with Manar Almazrouei about his project that focuses on advancing lithium-ion battery ( LIB) cathode material synthesis through innovative aerosol-based techniques, streamlining production and promoting environmental sustainability.', 'In this interview, AZoCleantech talks to Anguil about biogas and how it could sustain clean energy.']",What policy recommendation did the researchers make to accelerate the adoption of EVs and PVs?,"The researchers suggested implementing coordinated policies and incentives that encourage the simultaneous adoption of both technologies, which could speed up their uptake and support broader decarbonization goals.

---",https://www.azocleantech.com/news.aspx?newsID=34475,Sustainability & Technological Innovation Questions,5.0,"The context provides evidence that researchers have studied the relationship between ownership of electric vehicles and solar panels, and that they have developed a recommendation to accelerate the adoption of both technologies. The quotes suggest that policies should be designed to work together to promote the adoption of both EVs and PVs.",3,"The question is very specific and targeted towards a particular study or research. It implies that the question is likely to be answered by someone who is familiar with the study or has conducted research in the field. However, without more context, it's difficult to determine the relevance or accuracy of the answer. Additionally, the question does not provide enough information for someone to determine the policy recommendation, making it difficult to provide a useful answer.",3.0,"The question appears to be self-contained and does not reference any specific research papers, journals, or settings that would require additional context to understand what the researchers recommend. However, it's still a bit vague without knowing what specific results or study the researchers are referring to. A short additional sentence or an example would be needed to provide clarity."
22,"[""By clicking `` Allow All '' you agree to the storing of cookies on your device to enhance site navigation, analyse site usage and support us in providing free open access scientific content. More info."", 'Lithium-ion batteries are used in nearly every electric vehicle and have a service life of around 10 years before replacement is needed. Electric car batteries are highly recyclable, with around 90 percent of the cell being recoverable as a commercial activity. This is achievable if the recycling companies profit from the recycling process. Wiring and plastics can be stripped and recycled. The precious mined metals contained in the battery cell electrolyte can be dangerous to access since they are flammable, explosive and very toxic. These hazards must be dealt with before cell components can be recycled.', 'Some car manufacturers, such as Volvo, have committed to developing second-life applications for high-voltage batteries as part of creating a closed-loop system that ensures all materials in cars are recycled.', 'Working with BatteryLoop, Volvo is developing batteries used for electric cars that can be used for a solar energy storage system, which powers charging points for cars and bikes.', 'Volvo is also piloting how to use plug-in hybrids as an energy storage unit for a hydropower operation in Sweden. The aim is to discover how long batteries last in those situations and work out the sustainability and financial benefits.', 'Volvo reveals each battery produces around six to eight tons of CO2, which requires a lot of raw metals, but it is trying to establish if extending battery life is worthwhile, or whether it is better to recycle immediately.', 'Nissan uses second-life batteries from its Leaf car model for energy storage, with an off-the-shelf home or commercial unit called xStorage as a rival to Tesla’ s Powerwall.', 'Honda is planning a collaboration with Societe Nouvelle d’ Affinage des Metaux ( SNAM) to collect and recycle batteries for second-life use or the extraction of precious elements.', 'BMW announced a partnership with Off Grid Energy for a sustainable second-life solution for end-of-life BMW and MINI electric and hybrid models. Battery modules will create mobile power units, for which prototypes powered by lithium-ion units taken from MINI are already being used. It has a 40 kWh capacity, with a 7.2 kW fast charge.', 'BMW and Off Grid say as more modules become available as electric cars age, the system will have a capacity of up to 180 kWh, with multiple charges of up to 50 kW. This will double the CO2 reduction achieved over the original battery use in the car.', 'Renault launched its SmartHub project in 2020, an energy system comprising 1,000 second-life electric-car batteries, to provide energy for social housing, transport, residential homes and local businesses.', 'Renault claims its system can store enough energy to power 1,700 homes for a day.', 'Jaguar Land Rover has developed a portable electric-car charger, using battery packs from I-Pace prototypes, called the Off-Grid Battery Energy Storage System ( ESS), which has a capacity of 125 kWh, with integrated solar panels. It is designed for commercial hire when access to mains electricity is unavailable.', 'Lithium-ion batteries used for electric vehicles require large quantities of cobalt, much of which is mined in the Democratic Republic of Congo, which has raised issues concerning child mining and human rights abuses, as well as ecological concerns over pollution and other mining hazards.', 'Faraday Institution research fellow, Dr. Gavin Harper, claims:', ""`` It may make more economic sense to recycle EV batteries for use in brand-new batteries for cars, rather than using them in a used state in a less demanding application such as power storage. ''"", 'Mercedes agrees with this principle after shelving its own home energy storage system after just one year, whilst Nissan remains committed to transferring electric-car battery technology for home-energy use.', 'Recycled metals are very valuable and require a combination of pyro and hydro-metallurgy processes to recover materials.', 'Umicore’ s recycling plant in Belgium recycles approximately 35,000 EV batteries per year, with plans to scale up production, as more batteries require recycling over time.', 'Fortum, a Finnish company, announced a development in recycling lithium from rechargeable batteries, using a low-CO2 hydrometallurgical recycling process to recover nickel, cobalt and manganese, boasting a recycling achievement of over 80 percent.', 'In January 2022, Veolia opened its first battery recycling plant in the UK in the West Midlands. It aims to process 20 percent of the UK’ s end-of-life electric car batteries by 2024, describing its process as ‘ urban mining’, with reduced water consumption and 50 percent less greenhouse gas emissions, compared to mining new raw materials.', 'Tesla is also planning to recycle its batteries so that metal mining will not be needed.', 'Sodium-ion batteries operate in the same way as lithium-ion batteries and can be recycled in the same way.', 'The advantage of sodium-ion batteries is that sodium is less costly and more plentiful, but they still need to be manufactured to achieve the same performance rate as lithium-ion batteries because the technology is not quite there yet.', 'Solid-state batteries are something many big car manufacturers are investigating because they are less flammable, and potentially more efficient than lithium-ion ones, although they do present different recycling challenges.', 'Solid-state batteries can store more energy than lithium-ion ones and are both safer and faster to charge.', 'In a lithium-ion battery, the electrolytes take the form of a gooey liquid, whereas, in solid-state batteries, the electrolytes are made up of solid thin layers, making them far more stable and less flammable.', 'Electric cars do not use solid-state batteries due to them being more difficult to scale up production to the necessary volume needed for widespread use.', 'Solid-state electrolytes need to be good conductors, but being thin and weak makes them prone to cracking and around eight times more expensive to manufacture.', 'Nissan has launched ‘ Ambition 2030’, its electrification commitment to launch a solid-state battery car by 2028, from its pilot plant in Yokohama, Japan.', 'Nissan is also aiming to bring the cost of solid-state batteries down to eliminate the price gap between electric and combustion-engined cars.', 'OneD Battery Sciences, a US-based company, has developed a nano silicon technology called SINANODE, aimed at simplifying the process of using nano silicon technology, and making it more cost-effective.', 'The SINANODE process supercharges commercial graphite by fusing large quantities of tiny silicon nanowires, producing thousands of silicon nanowires on each graphite particle.', 'The silicon can triple the amount of energy stored, decrease charging time by half, and reduce costs. It also reduces battery weight and lowers CO2 produced per kWh, making it more cost-effective by reducing the costs of materials and cells used in electric vehicles.', 'Whichever electric battery becomes the market leader over time, one thing that is commonly agreed upon by car manufacturers is that it makes both economic and ecological sense to leave as many metals in the ground as possible by re-using whatever metals have already been mined in the most efficient and sustainable ways possible.', 'Electric car battery recycling: all you need to know ( 03.15.2022) Parrott.V in driving electric ( accessed 06.22.2022) https: //www.drivingelectric.com/your-questions-answered/840/electric-car-battery-recycling-all-you-need-to-know', 'Silicon-based battery technology ‘ breakthrough that improves performance and decreases costs’ ( 03.16.2022) Beecham.M in Just Auto online ( accessed 06.22.2022) https: //www.just-auto.com/interview/silicon-based-battery-technology-breakthrough-that-improves-performance-and-decreases-costs/', 'What are solid-state batteries and how will they improve electric cars? ( 04.08.2022) Errity.F in driving electric online ( accessed 06.22.2022) https: //www.drivingelectric.com/your-questions-answered/41097/what-are-solid-state-batteries-and-how-will-they-improve-electric', 'Disclaimer: The views expressed here are those of the author expressed in their private capacity and do not necessarily represent the views of AZoM.com Limited T/A AZoNetwork the owner and operator of this website. This disclaimer forms part of the Terms and conditions of use of this website.', 'Georgie Lyng is a freelance writer, with a strong interest in environmental issues, a focus on sustainable technologies, climate change science, improving biodiversity, and protection of natural ecosystems. Georgie completed an Open University BSc Environment Studies degree in 2016, enjoys researching environment issues, and writing about the latest scientific developments in the industry and sustainable solutions to help protect the environment.', 'Lyng, Georgie. ( 2022, July 05). Latest Developments in Electric Vehicle Battery Recycling. AZoCleantech. Retrieved on May 04, 2023 from https: //www.azocleantech.com/article.aspx? ArticleID=1597.', ""Lyng, Georgie. `` Latest Developments in Electric Vehicle Battery Recycling ''. AZoCleantech. 04 May 2023. < https: //www.azocleantech.com/article.aspx? ArticleID=1597 >."", ""Lyng, Georgie. `` Latest Developments in Electric Vehicle Battery Recycling ''. AZoCleantech. https: //www.azocleantech.com/article.aspx? ArticleID=1597. ( accessed May 04, 2023)."", 'Lyng, Georgie. 2022. Latest Developments in Electric Vehicle Battery Recycling. AZoCleantech, viewed 04 May 2023, https: //www.azocleantech.com/article.aspx? ArticleID=1597.', 'The Sensi+™ is a laser-based analyzer used for monitoring natural gas quality.', 'The Cypher ES AFM from Oxford Instruments Asylum Research can be utilized for exceptional environmental control.', 'The Vocus CI-TOF from TOFWERK provides real-time chemical ionization measurements.', ""In this interview, AZoCleantech speaks with Tebogo Maleka, National Project Coordinator at the United Nations Industrial Development Organization ( UNIDO), about her role within the organization and the initiative that aims to support South Africa's transition from conventional plastics to more environmentally sustainable alternatives."", ""AZoCleantech recently spoke to entrepreneur Siân Sutherland, the Co-Founder of A Plastic Planet, for International Women's Day. Her company's goal is to inspire the world to turn off the plastic tap to help reduce its burden on the planet."", ""This International Women's Day, AZoCleantech spoke to inspiring women who have made a difference in the Clean Technology field. For this interview, we spoke to Dr. Adina Rom, the Executive Director of ETH for Development.""]","** What is the typical service life of lithium-ion batteries in electric vehicles, and how much of the battery can be recycled?  
**","** Lithium-ion batteries in electric vehicles typically last around 10 years before needing replacement. About 90% of the battery can be commercially recycled, including wiring, plastics, and precious metals, though extracting certain materials is hazardous due to their flammability and toxicity.  

---  

**Q:** How is Volvo working toward a closed-loop system for electric vehicle batteries?  
**A:** Volvo is collaborating with BatteryLoop to develop second-life applications for high-voltage EV batteries, such as solar energy storage for charging stations and testing plug-in hybrids for hydropower energy storage in Sweden, aiming to maximize sustainability and material reuse.  

---  

**Q:** Why are cobalt mining practices in the Democratic Republic of Congo a concern for lithium-ion battery production?  
**A:** Cobalt mining in the DRC has raised ethical and environmental concerns due to reports of child labor, human rights abuses, and ecological damage from pollution and hazardous mining conditions. This has prompted efforts to improve recycling and explore alternative battery materials.  

---  

**Q:** What are the advantages of solid-state batteries over traditional lithium-ion batteries?  
**A:** Solid-state batteries are safer (less flammable), store more energy, charge faster, and use solid electrolytes that are more stable than liquid ones. However, they remain expensive to produce and difficult to scale, limiting current adoption in electric vehicles.  

---  

**Q:** How does Nissan’s xStorage system utilize second-life electric vehicle batteries?  
**A:** Nissan repurposes used battery packs from its Leaf model into stationary energy storage units through its xStorage system, offering home and commercial storage solutions as an alternative to Tesla’s Powerwall. This extends battery utility while reducing waste.  

---  

These Q&A pairs cover key technological, environmental, and economic aspects of EV battery recycling and development. Let me know if you'd like any refinements!",https://www.azocleantech.com/article.aspx?ArticleID=1597,Sustainability & Technological Innovation Questions,4.0,"The provided context discusses the service life of lithium-ion batteries in electric vehicles, their recyclability, and the development of recycling technologies, as well as the use of recycled materials in the production of new batteries. While the context does not provide a single, definitive answer to the question, it offers various information on the topics of lithium-ion battery recycling and the potential for recycling high-value materials extracted from end-of-life batteries. It also highlights the challenges and opportunities for improving recycling processes and the use of recycled materials in sustainable energy storage systems. However, the exact service life of lithium-ion batteries in electric vehicles is not specified as universally accepted by all sources in the provided context, and more specific information on the extent of recyclable materials is sometimes ambiguous.",4,"The question pertains to the specifics of lithium-ion battery technology, which is a critical component of electric vehicles (EVs). Understanding the service life of these batteries and the extent of their recyclability is vital for the efficient operation and sustainable development of EVs. Information about this could be particularly valuable for developers and engineers working within the Hugging Face ecosystem, as they may need to integrate and optimize battery management systems for their NLP applications. However, the question's direct relevance to NLP development might be more tangential compared to other areas like natural language processing for EVs or assessing sentiment towards battery technology, which could be more directly applicable. Nonetheless, the question's focus on battery technology indicates an intersection with AI and ML, particularly in the field of electric vehicles and sustainable energy solutions.",5.0,"The question refers to a general topic related to electric vehicles, specifically to lithium-ion batteries, which is a common component in such vehicles. While it does not provide specific context or mention any particular vehicle, it is clear to an operator with general knowledge of electric vehicles and lithium-ion batteries that the question is asking for information on a widely known topic. Thus, the reference to an implicit context is the key to understanding the question."
24,"['High wind loads increase structural design costs of concentrating solar power ( CSP) collector structures, such as heliostats and parabolic troughs. In a new two-year project, the National Renewable Energy Laboratory ( NREL) will work with the Department of Energy Office of Energy Efficiency and Renewable Energy’ s Solar Energy Technologies Office ( SETO) to conduct two comprehensive at-scale field measurements of atmospheric turbulent wind conditions and the resulting wind loads on CSP structures. The data sets will be used to develop and validate computational models that will be made publicly available to the CSP community.', 'Previous studies have relied on data from wind tunnels that do not adequately capture the dynamic effects observed at scale. In recent projects over the past two years, NREL has leveraged more than two decades of wind-energy modeling expertise to conduct at-scale field measurements to characterize the turbulent wind conditions at the Nevada Solar One parabolic trough CSP facility located near Las Vegas. The high-resolution measurements to be collected through the new project will be used to further validate the high-fidelity computational models that have been developed at NREL.', '“ The team is composed of members from all over the lab who are working seamlessly to make sure this important project is successful and provides critical information to the CSP plant developers and operators, ” says Shashank Yellapantula, a research engineer in NREL’ s Computational Science Center.', 'Yellapantula has been a part of two previously funded SETO projects as well as this recently launched two-year effort. He has developed and validated wind-loading simulation models for parabolic troughs that have resulted in peer-reviewed publications. He will be responsible for development of computationally efficient models that can be transitioned to industry at the end of this project.', '“ I look forward to working with my colleagues from the Computational Science and National Wind Technology centers, ” comments Mark Mehos, NREL’ s Thermal Energy Systems group manager within the Center for Energy Conversion & Storage Systems. “ Significant funding from the Wind Energy Technologies Office has led to the development of high-fidelity computational fluid-dynamic models and instruments for on-site wind assessment. Leveraging these dollars to support the CSP community benefits all involved and should be a model for future collaboration. ”', 'In addition to the NREL team, there are several industry partners and stakeholders that will serve as advisors to ensure that the project remains relevant to the industry. These partners include Schlaich Bergermann Partner, Solar Dynamics, Acciona Energy and the Australian Solar Thermal Research Institute. The NREL team and Acciona engineers are currently coordinating the wind measurement campaign at Acciona’ s Nevada Solar One facility.', 'Solar Industry offers industry participants probing, comprehensive assessments of the technology, tools and trends that are driving this dynamic energy sector. From raw materials straight through to end-user applications, we capture and analyze the critical details that help professionals stay current and navigate the solar market.', '© Copyright Zackin Publications Inc. All Rights Reserved.']",Why have previous studies on wind loads for CSP structures been limited?,"Previous studies relied on wind tunnel data that did not adequately capture dynamic effects observed at full scale, leading to less accurate modeling compared to real-world conditions.",https://solarindustrymag.com/nrel-project-investigates-wind-condition-impacts-on-solar-power-structures#respond,Sustainability & Technological Innovation Questions,5.0,The context provided does not directly relate to the traditional sense of 'textual' studies but it's clear that previous studies on wind loads for CSP structures have been limited due to the unreliable data captured by wind tunnels that do not accurately reflect the high wind loads observed at scale.,4,"Previous studies on wind loads for CSP structures have been limited due to the complexity of the turbo-m turbulent interaction between the turbine blades. Additionally, the stampede effect that occurs during operation makes it difficult for traditional methods to monitor and predict the loads accurately. Furthermore, the discrepancy between wind tunnel tests and real-world measurements adds to the challenge. The unique operating conditions of CSP systems, including surface roughness, atmospheric conditions, and team dynamics, further hinders the quality and generalizability of existing research.",5.0,"The question appears to assume prior knowledge about CSP (Concentrated Solar Power) structures and wind loads, without specifying any particular context. While the terms are likely to be technical, the question seems to make sense on its own, suggesting that previous studies were conducted."
